[{
  "_id": {
    "$oid": "606333f5bbe25642369e9449"
  },
  "title": "Barcelona ",
  "description": "Player are set to leave the club",
  "url": "https://www.football-espana.net/2021/03/30/the-player-set-to-leave-barcelona-after-playing-just-17-minutes-for-the-club",
  "image_url": "https://icdn.football-espana.net/wp-content/uploads/2021/01/Matheus-Fernandes-640x362.jpg",
  "publish_date": "03/10",
  "__v": 0
},{
  "_id": {
    "$oid": "6063492d7fa96d44f92b62c2"
  },
  "title": "Dallas Cowboys",
  "description": "For Patrick Surtain, the possibility of joining the Cowboys, reuniting with Trevon Diggs offers a unique dynamic",
  "url": "www.dallasowboys.com",
  "image_url": "https://dmn-dallas-news-prod.cdn.arcpublishing.com/resizer/8NwG5PNPJmMQ2MO2G63G60YXNkI=/1660x934/filters:focal(1449x543:1459x533):no_upscale()/cloudfront-us-east-1.images.arcpublishing.com/dmn/AXQNMJ5XMZFXLLH7U2BAGQFE5Y.jpg",
  "publish_date": "March 30, 2021",
  "__v": 0
},{
  "_id": {
    "$oid": "6063903f339d6250866e26c5"
  },
  "title": "Chelsea ",
  "description": "Hudson-Odoi returns to Chelsea with injury as Southgate waves off Mount fears",
  "url": "Chelsea.com",
  "image_url": "https://images.daznservices.com/di/library/GOAL/c0/71/callum-hudson-odoi-and-mason-mount_1w3480by7g1a91qnwfv692sryf.png?t=-2013432440&amp;quality=60&amp;w=800",
  "publish_date": "03/10/2021",
  "__v": 0
},{
  "_id": {
    "$oid": "6063904c339d6250866e26c6"
  },
  "title": "kiran",
  "description": "For Patrick Surtain, the possibility of joining the Cowboys, reuniting with Trevon Diggs offers a unique dynamic",
  "url": "www.dallasowboys.com",
  "image_url": "https://icdn.football-espana.net/wp-content/uploads/2021/01/Matheus-Fernandes-640x362.jpg",
  "publish_date": "March 30, 2021",
  "__v": 0
}]